City,Cloudiness,Country,Date,Humidity,Lat,Lng,Max Temp,Wind Speed
Laguna,40,BZ,1563309395,70,16.17,-88.94,87.8,13.87
Ushuaia,75,AR,1563309395,86,-54.81,-68.31,41.0,23.04
Mayor Pablo Lagerenza,2,PY,1563309395,32,-19.93,-60.77,76.37,4.38
Barrow,100,AR,1563309395,54,-38.31,-60.23,51.17,15.77
Lompoc,1,US,1563309396,68,34.64,-120.46,82.99,16.11
Cape Town,40,ZA,1563309309,93,-33.93,18.42,55.4,9.17
Esperance,0,AU,1563309396,81,-33.86,121.89,44.6,8.05
Yellowknife,20,CA,1563309248,41,62.45,-114.38,75.2,11.41
Tasiilaq,95,GL,1563309396,71,65.61,-37.64,55.4,8.05
Hermanus,67,ZA,1563309397,90,-34.42,19.24,53.01,1.99
Lata,87,IN,1563309397,85,30.78,78.62,39.47,0.36
Thompson,40,CA,1563309222,43,55.74,-97.86,73.4,8.05
Lorengau,88,PG,1563309397,84,-2.02,147.27,78.17,3.65
Saint-Philippe,75,CA,1563309397,65,45.36,-73.48,84.99,12.75
Aswan,0,EG,1563309398,17,24.09,32.9,95.0,3.36
Khatanga,92,RU,1563309398,83,71.98,102.47,49.19,16.28
Kaitangata,25,NZ,1563309398,88,-46.28,169.85,36.23,3.78
Rikitea,80,PF,1563309398,85,-23.12,-134.97,69.17,3.47
Hilo,1,US,1563309180,54,19.71,-155.08,84.99,6.93
Jamestown,78,AU,1563309399,92,-33.21,138.6,46.67,7.18
Banda Aceh,52,ID,1563309272,75,5.56,95.32,83.39,15.43
Srednekolymsk,100,RU,1563309399,69,67.46,153.71,50.45,4.92
Beringovskiy,94,RU,1563309399,80,63.05,179.32,56.21,4.09
Lebu,90,ET,1563309399,87,8.96,38.73,59.0,3.36
Geraldton,75,CA,1563309400,53,49.72,-86.95,73.4,13.87
Altamira,20,BR,1563309400,59,-3.2,-52.21,89.6,2.24
Chuy,0,UY,1563309400,85,-33.69,-53.46,50.27,3.42
Pevek,43,RU,1563309400,92,69.7,170.27,33.35,14.54
Alofi,75,NU,1563309400,83,-19.06,-169.92,78.8,8.05
Iqaluit,75,CA,1563309401,71,63.75,-68.52,53.6,5.82
Baglung,70,NP,1563309401,86,28.27,83.59,53.33,1.88
Torbay,75,CA,1563309401,88,47.66,-52.73,69.01,5.82
Busselton,0,AU,1563309401,74,-33.64,115.35,43.0,15.26
Port Hardy,75,CA,1563309402,82,50.7,-127.42,60.8,4.7
Akureyri,75,IS,1563309145,93,65.68,-18.09,57.2,14.99
Lasa,0,CY,1563309402,64,34.92,32.53,77.0,8.05
Longyearbyen,75,NO,1563309402,81,78.22,15.63,42.8,6.93
Hays,20,US,1563309286,44,38.88,-99.33,102.0,10.29
Avarua,100,CK,1563309368,73,-21.21,-159.78,73.4,14.99
Port Alfred,0,ZA,1563309403,75,-33.59,26.89,64.0,1.99
Mataura,78,NZ,1563309403,96,-46.19,168.86,34.0,1.01
Severo-Kurilsk,100,RU,1563309404,97,50.68,156.12,43.25,16.13
Nanortalik,100,GL,1563309404,93,60.14,-45.24,40.73,3.38
Thinadhoo,100,MV,1563309404,78,0.53,72.93,82.31,11.81
Praia,20,BR,1563309404,41,-20.25,-43.81,78.8,8.05
Werda,0,BW,1563309404,28,-25.27,23.28,56.21,7.38
Half Moon Bay,20,US,1563309405,82,37.46,-122.43,86.0,9.17
Chokurdakh,100,RU,1563309405,78,70.62,147.9,38.57,8.7
Vaini,100,IN,1563309405,89,15.34,74.49,77.09,0.74
Jinxiang,100,CN,1563309405,71,35.07,116.31,78.17,6.22
New Norfolk,40,AU,1563309406,66,-42.78,147.06,55.99,10.29
Atuona,0,PF,1563309406,77,-9.8,-139.03,80.87,13.42
Porterville,1,US,1563309406,33,36.07,-119.02,93.99,10.29
Saint Anthony,1,US,1563309406,34,43.97,-111.68,80.6,11.41
Punta Arenas,40,CL,1563309407,75,-53.16,-70.91,41.0,21.92
Hithadhoo,100,MV,1563309407,80,-0.6,73.08,80.87,16.24
Qaanaaq,7,GL,1563309407,52,77.48,-69.36,46.49,0.16
Albany,40,US,1563309152,38,42.65,-73.75,91.99,10.29
Matara,12,BI,1563309407,83,-3.48,29.48,49.73,0.78
Provideniya,90,RU,1563309408,93,64.42,-173.23,51.8,6.71
Sola,62,TZ,1563309408,47,-3.17,33.8,70.79,8.19
Bathsheba,40,BB,1563309408,66,13.22,-59.52,86.0,19.46
Coihaique,20,CL,1563309408,89,-45.58,-72.07,42.8,1.99
Comodoro Rivadavia,0,AR,1563309409,76,-45.87,-67.48,48.2,5.82
East London,0,ZA,1563309409,18,-33.02,27.91,66.11,8.57
Serendah,75,MY,1563309409,100,3.36,101.61,78.8,1.52
Cairns,90,AU,1563309285,87,-16.92,145.77,55.4,11.41
Airai,9,TL,1563309410,81,-8.93,125.41,68.27,5.32
Carnarvon,0,ZA,1563309410,28,-30.97,22.13,53.87,10.4
Vilhena,0,BR,1563309410,45,-12.74,-60.15,86.0,6.93
Trincomalee,100,LK,1563309410,76,8.58,81.23,79.61,9.33
Ipameri,69,BR,1563309411,54,-17.72,-48.16,74.93,7.74
Saldanha,66,PT,1563309411,32,41.42,-6.55,78.89,2.13
Amahai,97,ID,1563309411,94,-3.31,129.0,81.0,1.99
Copiapo,75,CL,1563309412,67,-27.37,-70.33,57.2,9.17
Camacha,40,PT,1563309412,73,33.08,-16.33,71.6,13.87
Nemuro,99,JP,1563309412,98,43.32,145.57,56.39,12.82
Ostrovnoy,100,RU,1563309412,98,68.05,39.51,39.65,8.34
Phangnga,40,TH,1563309412,83,8.45,98.53,77.0,2.24
Kodiak,1,US,1563309413,25,39.95,-94.76,90.0,4.7
Ambon,0,FR,1563309413,60,47.55,-2.56,70.0,3.36
Tiksi,100,RU,1563309413,93,71.64,128.87,37.13,5.55
Tarakan,100,ID,1563309413,82,3.3,117.63,77.63,10.0
Waipawa,14,NZ,1563309413,89,-39.94,176.59,46.0,11.99
Kahului,20,US,1563309414,52,20.89,-156.47,89.6,13.87
Maragogi,6,BR,1563309414,79,-9.01,-35.22,69.53,3.31
Cabo San Lucas,40,MX,1563309157,58,22.89,-109.91,99.0,8.05
Norman Wells,75,CA,1563309414,53,65.28,-126.83,77.0,11.41
Hobart,40,AU,1563309398,66,-42.88,147.33,55.99,10.29
Qarchi Gak,0,AF,1563309415,34,37.04,66.79,98.6,6.93
Praia da Vitoria,2,PT,1563309415,78,38.73,-27.07,73.0,5.55
Puerto Ayora,20,EC,1563309415,51,-0.74,-90.35,80.6,21.92
Awjilah,71,LY,1563309415,56,29.14,21.3,81.77,16.89
Caravelas,0,BR,1563309416,74,-17.73,-39.27,74.21,7.4
Ulaangom,65,MN,1563309416,79,49.98,92.07,58.55,4.16
Collie,0,AU,1563309416,74,-33.36,116.15,42.01,2.93
Aklavik,90,CA,1563309416,76,68.22,-135.01,57.2,6.93
Nola,65,CF,1563309417,95,3.52,16.05,70.07,2.1
Coquimbo,20,CL,1563309417,71,-29.95,-71.34,69.01,13.87
Bluff,0,AU,1563309417,81,-23.58,149.07,47.21,4.27
Souillac,0,FR,1563309417,47,45.6,-0.6,75.2,9.17
Skibbereen,75,IE,1563309418,72,51.55,-9.27,62.6,8.05
La Ronge,40,CA,1563309418,33,55.1,-105.3,71.6,3.36
Nikolskoye,75,RU,1563309418,63,59.7,30.79,62.6,6.71
Neuquen,0,AR,1563309418,43,-38.95,-68.06,55.4,3.36
Changping,20,CN,1563309418,94,40.22,116.23,78.01,2.24
Sioux Lookout,40,CA,1563309419,50,50.1,-91.92,77.0,10.29
Saint-Pierre,0,FR,1563309419,55,48.95,4.24,69.8,6.93
Castro,90,CL,1563309419,100,-42.48,-73.76,44.6,5.82
Ribeira Grande,20,PT,1563309420,69,38.52,-28.7,73.4,5.82
Alta Floresta,0,BR,1563309420,24,-9.87,-56.08,95.0,5.82
Shimoda,90,JP,1563309420,94,34.7,138.93,70.0,2.24
Saint-Augustin,75,CA,1563309420,69,45.63,-73.98,86.0,9.17
Udaipura,65,IN,1563309420,67,23.07,78.51,83.03,11.25
Ketchikan,90,US,1563309421,100,55.34,-131.65,60.8,16.11
Sao Filipe,100,CV,1563309421,78,14.9,-24.5,73.49,14.38
Dondo,0,MZ,1563309421,93,-19.62,34.74,64.4,1.5
Alamosa,1,US,1563309421,17,37.47,-105.87,82.4,6.93
Marsh Harbour,5,BS,1563309321,70,26.54,-77.06,84.47,7.96
Zyryanka,72,RU,1563309422,49,65.73,150.89,59.99,6.42
Pareora,100,NZ,1563309422,97,-44.49,171.21,44.01,6.96
Ambilobe,0,MG,1563309422,71,-13.19,49.05,70.07,8.48
Kapaa,20,US,1563309422,70,22.08,-159.32,84.2,14.99
Castrillon,75,ES,1563309423,82,43.4,-6.79,68.0,2.24
Ilulissat,20,GL,1563309423,50,69.22,-51.1,55.4,3.36
Gafanha da Encarnacao,0,PT,1563309423,88,40.62,-8.73,69.01,22.88
Turbat,98,PK,1563309423,76,26.0,63.05,81.05,8.23
Khandbari,61,NP,1563309424,88,27.38,87.21,54.05,2.51
Dunedin,65,NZ,1563309195,83,-45.87,170.5,39.99,4.0
San Patricio,0,PY,1563309424,73,-26.98,-56.83,55.85,4.05
Dikson,1,RU,1563309424,85,73.51,80.55,33.89,14.52
Yar-Sale,50,RU,1563309425,83,66.83,70.83,62.87,15.21
Belaya Gora,100,RU,1563309425,84,68.54,146.19,44.33,4.65
Jalu,54,LY,1563309425,51,29.03,21.55,83.93,16.93
Sorland,20,NO,1563309425,76,67.67,12.69,50.0,12.75
Samarinda,98,ID,1563309426,94,-0.5,117.14,73.13,3.74
Luderitz,0,NA,1563309426,71,-26.65,15.16,53.6,3.36
Mar del Plata,100,AR,1563309426,62,-46.43,-67.52,40.19,2.8
Bethel,75,US,1563309426,63,60.79,-161.76,64.4,4.7
Lavrentiya,76,RU,1563309427,53,65.58,-170.99,62.87,4.7
Tuktoyaktuk,75,CA,1563309427,53,69.44,-133.03,51.8,9.17
Camalu,0,MX,1563309427,87,30.85,-116.07,66.83,11.81
Oktyabrskiy,100,RU,1563309427,93,55.61,37.97,61.0,4.47
Tyup,0,KG,1563309427,70,42.73,78.36,45.05,4.7
Hovd,40,NO,1563309428,76,63.83,10.7,55.99,6.93
Samarai,100,PG,1563309428,94,-10.62,150.67,73.13,7.72
Grand Gaube,75,MU,1563309428,60,-20.01,57.66,71.6,18.34
Pisco,0,PE,1563309429,30,-13.71,-76.2,71.6,10.29
Chauk,96,MM,1563309429,87,20.89,94.82,77.99,5.35
Yulara,0,AU,1563309429,81,-25.24,130.99,41.0,6.93
Komsomolskiy,94,RU,1563309429,84,67.55,63.78,59.99,12.84
Makakilo City,75,US,1563309430,88,21.35,-158.09,89.01,10.29
Praya,40,ID,1563309430,88,-8.71,116.27,71.6,4.7
Boa Vista,40,BR,1563309430,49,2.82,-60.67,89.6,5.82
Jinchang,100,CN,1563309431,53,38.52,102.19,65.21,3.15
Yabrud,0,SY,1563309431,31,33.97,36.66,73.4,6.93
Huarmey,0,PE,1563309431,86,-10.07,-78.15,62.87,14.76
Havre-Saint-Pierre,1,CA,1563309431,53,50.23,-63.6,73.4,9.17
Tocopilla,66,CL,1563309432,78,-22.09,-70.2,57.65,7.99
Wajid,18,SO,1563309432,65,3.81,43.25,76.55,19.26
Camopi,33,GF,1563309432,61,3.17,-52.33,82.67,2.33
Katsuura,75,JP,1563309432,94,33.93,134.5,71.6,5.82
Puerto Narino,40,CO,1563309433,79,-3.77,-70.38,86.0,2.75
Constitucion,40,MX,1563309433,31,23.99,-104.67,78.8,9.17
Goulburn,99,AU,1563309433,90,-34.75,149.72,45.0,13.91
Bibiani,91,GH,1563309433,98,6.45,-2.31,70.79,2.89
Ponta do Sol,77,BR,1563309434,74,-20.63,-46.0,64.13,6.8
Mahebourg,75,MU,1563309434,60,-20.41,57.7,71.6,18.34
Arraial do Cabo,75,BR,1563309434,60,-22.97,-42.02,71.6,21.92
Hasaki,75,JP,1563309434,100,35.73,140.83,70.0,5.82
Bredasdorp,3,ZA,1563309435,87,-34.53,20.04,48.2,4.7
Sao Gabriel da Cachoeira,40,BR,1563309435,78,-0.13,-67.09,82.4,3.36
Butaritari,100,KI,1563309435,59,3.07,172.79,83.75,5.28
Port Lincoln,100,AU,1563309435,69,-34.72,135.86,55.85,22.08
Petropavlovsk-Kamchatskiy,0,RU,1563309436,93,53.05,158.65,59.0,4.47
Inhambane,0,MZ,1563309436,88,-23.87,35.38,62.6,3.91
Narsaq,100,GL,1563309436,58,60.91,-46.05,57.2,10.29
Lexington Park,1,US,1563309391,55,38.26,-76.45,95.0,4.79
Kondagaon,61,IN,1563309436,93,19.59,81.66,73.31,3.27
Mortka,59,RU,1563309184,94,59.33,66.02,59.63,6.26
Moree,0,AU,1563309437,86,-29.46,149.84,37.4,11.41
Gravdal,0,NO,1563309437,81,59.79,5.78,59.0,10.29
Broken Hill,59,AU,1563309437,93,-31.97,141.45,35.6,2.24
Victoria,75,BN,1563309437,94,5.28,115.24,80.01,1.12
Orange Cove,0,US,1563309438,33,36.62,-119.31,96.01,8.59
Teodoro Sampaio,0,BR,1563309438,58,-22.53,-52.17,63.23,7.4
Talnakh,0,RU,1563309438,93,69.49,88.39,55.4,15.66
Saint-Joseph,0,FR,1563309439,56,43.56,6.97,78.8,2.24
Sambava,96,MG,1563309439,96,-14.27,50.17,64.13,3.38
Lapy,0,PL,1563309439,85,52.99,22.88,57.0,6.58
Port Macquarie,0,AU,1563309440,70,-31.43,152.91,44.6,9.17
Tapes,97,BR,1563309440,79,-30.67,-51.4,53.87,4.59
Klaksvik,33,FO,1563309440,100,62.23,-6.59,53.6,13.87
Princeton,90,US,1563309440,94,38.36,-87.57,84.0,12.75
Upernavik,0,GL,1563309440,57,72.79,-56.15,50.09,6.78
Calvinia,1,ZA,1563309441,57,-31.47,19.78,48.65,2.42
Flinders,0,AU,1563309441,71,-34.58,150.85,53.01,12.75
San Carlos de Bariloche,75,AR,1563309441,87,-41.13,-71.31,42.8,19.46
Luganville,75,VU,1563309441,94,-15.51,167.18,69.8,0.98
Port Augusta,74,AU,1563309441,100,-32.49,137.76,50.0,4.7
Dogondoutchi,6,NE,1563309442,40,13.64,4.03,92.57,9.42
Pangnirtung,75,CA,1563309442,93,66.15,-65.72,46.4,6.93
Tiarei,20,PF,1563309442,61,-17.53,-149.33,80.6,2.24
Nikolayevskaya,75,RU,1563309442,77,43.22,44.21,68.0,4.47
Cap-aux-Meules,75,CA,1563309443,72,47.38,-61.86,68.0,8.05
Binghamton,75,US,1563309443,78,42.1,-75.91,88.0,13.87
Mwene-Ditu,15,CD,1563309443,41,-7.01,23.45,70.61,1.68
Kavaratti,88,IN,1563309444,75,10.57,72.64,83.75,17.36
Cidreira,27,BR,1563309444,91,-30.17,-50.22,52.61,7.47
Lagdo,20,CM,1563309444,74,9.06,13.67,84.2,3.36
Avera,1,US,1563309444,44,33.19,-82.53,102.0,4.7
Georgetown,75,GY,1563309287,79,6.8,-58.16,84.2,11.41
Brigham City,1,US,1563309268,22,41.51,-112.02,93.0,4.7
Araouane,43,ML,1563309445,22,18.9,-3.53,101.21,13.96
Tezu,49,IN,1563309445,78,27.93,96.16,72.59,2.28
Ipatovo,0,RU,1563309445,74,45.72,42.92,66.11,10.31
San Quintin,100,PH,1563309446,95,17.54,120.52,72.41,2.42
Baoqing,100,CN,1563309446,91,46.32,132.2,63.05,6.96
Champerico,90,MX,1563309446,58,16.38,-93.6,86.0,4.7
Qaqortoq,100,GL,1563309446,58,60.72,-46.03,57.2,10.29
Port-Gentil,75,GA,1563309447,88,-0.72,8.78,78.8,12.75
Batagay-Alyta,100,RU,1563309447,72,67.8,130.41,46.85,2.15
Eyrarbakki,90,IS,1563309447,93,63.86,-21.15,55.99,4.7
Bambanglipuro,74,ID,1563309447,82,-7.95,110.28,74.39,11.81
El Tigre,59,VE,1563309447,69,8.89,-64.25,83.21,10.04
Japura,100,ID,1563309448,93,-0.42,102.29,72.59,1.79
College,90,US,1563309448,82,64.86,-147.8,64.4,5.82
Mount Gambier,90,AU,1563309448,100,-37.83,140.78,48.2,6.93
Vila Franca do Campo,20,PT,1563309448,68,37.72,-25.43,69.8,5.82
Douglas,90,US,1563309449,77,58.28,-134.39,60.8,13.87
Vao,61,EE,1563309449,91,59.1,26.19,54.05,4.52
Watertown,20,US,1563309449,61,44.9,-97.12,86.0,8.05
Namikupa,16,MZ,1563309449,95,-10.84,39.63,62.51,1.66
Itarema,36,BR,1563309450,73,-2.92,-39.92,78.35,9.71
Faanui,0,PF,1563309450,79,-16.48,-151.75,76.37,18.01
Sehithwa,0,BW,1563309450,27,-20.47,22.7,56.03,6.51
Luohe,100,CN,1563309450,75,33.57,114.03,78.89,4.92
Tuxpan,75,MX,1563309451,70,19.56,-103.38,84.2,11.41
Clyde River,90,CA,1563309451,93,70.47,-68.59,39.2,6.93
Nepa Nagar,60,IN,1563309451,79,21.47,76.4,75.65,11.7
Port Blair,100,IN,1563309451,81,11.67,92.75,83.93,20.33
Pacific Grove,40,US,1563309424,68,36.62,-121.92,89.01,10.29
Port Elizabeth,1,US,1563309452,58,39.31,-74.98,95.0,4.7
Kavieng,1,PG,1563309452,73,-2.57,150.8,81.23,1.92
Viborg,96,DK,1563309452,87,56.45,9.41,59.0,6.93
Surgut,0,RU,1563309452,94,61.25,73.4,68.0,8.95
Morant Bay,20,JM,1563309453,55,17.88,-76.41,89.6,24.16
Byron Bay,0,AU,1563309453,100,-28.65,153.62,55.99,3.29
Pitea,0,SE,1563309453,71,65.32,21.48,57.2,2.55
Cayenne,0,GF,1563309453,88,4.94,-52.33,77.0,5.57
Tura,0,RU,1563309453,69,64.27,100.22,63.95,4.74
Vanimo,11,PG,1563309454,78,-2.67,141.3,82.31,9.95
Rawson,100,AR,1563309454,41,-43.3,-65.11,49.55,6.96
Mayumba,5,GA,1563309454,92,-3.44,10.65,72.41,5.95
Saint-Leu,20,RE,1563309454,60,-21.15,55.28,68.0,11.41
Eureka,90,US,1563309455,88,40.8,-124.16,70.0,16.11
Ahuimanu,75,US,1563309455,88,21.44,-157.84,89.01,10.29
Mitu,0,IR,1563309455,37,36.2,46.09,57.83,3.49
Lakselv,75,NO,1563309455,62,70.05,24.96,55.4,13.87
Bako,21,BF,1563309456,51,12.29,-0.73,85.55,1.14
Kunming,90,CN,1563309456,88,25.04,102.71,64.4,8.95
Meulaboh,100,ID,1563309456,79,4.14,96.13,80.87,7.99
Haines Junction,100,CA,1563309456,49,60.75,-137.51,57.29,8.81
Springdale,75,US,1563309440,62,36.19,-94.13,88.0,6.93
Husavik,90,CA,1563309457,43,50.56,-96.99,80.01,2.8
Sistranda,20,NO,1563309457,87,63.73,8.83,53.01,4.7
Nanakuli,75,US,1563309457,88,21.39,-158.15,89.01,10.29
Dongsheng,89,CN,1563309458,89,29.72,112.52,77.09,3.85
San Cristobal,0,HN,1563309458,38,14.68,-86.92,84.65,12.1
Biltine,14,TD,1563309458,41,14.53,20.93,89.69,6.8
Berlevag,75,NO,1563309458,93,70.86,29.09,46.4,11.41
Abha,5,SA,1563309459,60,18.22,42.5,77.0,8.05
Chicama,40,PE,1563309459,82,-7.84,-79.15,66.2,12.75
Marsa Matruh,0,EG,1563309459,62,31.35,27.25,84.2,13.87
Da Lat,96,VN,1563309249,99,11.95,108.44,67.73,0.6
Tiznit,0,MA,1563309459,87,29.7,-9.73,68.45,11.52
Traverse City,40,US,1563309460,45,44.76,-85.62,88.0,10.29
Christchurch,99,NZ,1563309460,100,-43.53,172.64,45.0,8.05
Padang,100,ID,1563309460,80,-0.92,100.36,81.23,6.04
Kruisfontein,0,ZA,1563309460,50,-34.0,24.73,54.41,4.85
Panjab,0,AF,1563309461,32,34.38,67.02,47.03,5.23
Vardo,75,US,1563309461,74,39.62,-77.74,95.0,9.17
Mizdah,0,LY,1563309461,39,31.45,12.98,75.83,14.41
Zhaozhou,100,CN,1563309461,91,45.71,125.27,71.33,2.71
Saryg-Sep,81,RU,1563309462,67,51.49,95.55,54.41,2.91
Tilichiki,100,RU,1563309462,77,60.47,166.1,56.93,4.32
Cherskiy,96,RU,1563309185,69,68.75,161.3,41.63,6.46
Nuuk,90,GL,1563309462,93,64.17,-51.74,48.2,25.28
Cranbrook,40,CA,1563309463,40,49.51,-115.76,73.4,3.36
Pokaran,0,IN,1563309463,68,26.93,71.92,83.75,21.74
Cururupu,100,BR,1563309463,86,-1.82,-44.87,76.91,2.93
Islamkot,56,PK,1563309463,70,24.7,70.18,83.75,21.7
Carmelo,0,UY,1563309463,44,-34.0,-58.28,59.0,9.17
Udachnyy,90,RU,1563309464,93,66.42,112.4,59.0,2.24
Xuddur,4,SO,1563309464,74,4.12,43.89,73.31,17.83
Ilo,0,PE,1563309464,72,-17.65,-71.34,64.4,8.05
Batagay,76,RU,1563309464,57,67.65,134.64,57.11,2.89
Sarkand,0,KZ,1563309465,35,45.41,79.91,67.73,4.27
Trairi,36,BR,1563309465,77,-3.28,-39.27,76.19,4.59
Vila,0,IT,1563309465,56,45.18,8.4,77.0,2.24
Bambous Virieux,75,MU,1563309465,60,-20.34,57.76,71.6,18.34
Mana,72,NG,1563309466,51,13.03,5.27,87.71,16.58
Pekan,75,MY,1563309466,94,3.49,103.39,77.0,1.63
Westport,1,US,1563309223,43,41.14,-73.36,93.0,10.29
Liverpool,20,GB,1563309324,60,53.41,-2.98,68.0,6.93
Teknaf,73,BD,1563309466,80,20.86,92.31,84.29,6.42
Marystown,18,CA,1563309467,80,47.17,-55.16,61.79,11.21
Mailsi,55,PK,1563309467,49,29.8,72.18,91.67,6.4
Taber,75,CA,1563309406,46,49.79,-112.14,71.6,14.99
Sitka,7,US,1563309467,18,37.17,-99.65,102.65,15.68
Gunjur,38,GM,1563309467,74,13.18,-16.76,77.45,10.04
Uvira,12,CD,1563309468,83,-3.41,29.14,49.73,0.78
Norden,90,DE,1563309468,82,53.59,7.21,61.0,4.7
Egvekinot,99,RU,1563309307,79,66.32,-179.17,51.17,8.1
Erenhot,100,CN,1563309468,78,43.65,111.97,65.57,9.78
Edson,44,CA,1563309469,49,53.59,-116.44,68.0,4.7
Quatre Cocos,75,MU,1563309469,60,-20.21,57.76,71.6,18.34
Broome,20,GB,1563309469,68,52.47,1.45,69.8,5.82
Paita,0,PE,1563309469,290,-5.09,-81.11,62.6,14.99
Fukue,75,JP,1563309469,88,35.03,136.69,78.01,3.36
Kirakira,65,SB,1563309470,85,-10.46,161.92,77.99,10.54
Junin,0,PE,1563309470,13,-16.45,-71.58,64.4,12.75
Gitarama,40,RW,1563309470,52,-2.07,29.76,69.8,3.36
Kenai,75,US,1563309470,59,60.55,-151.26,66.2,11.41
Isangel,75,VU,1563309471,77,-19.55,169.27,66.2,3.36
Tuatapere,97,NZ,1563309471,96,-46.13,167.69,34.0,1.01
Kolyshley,100,RU,1563309471,95,52.7,44.54,59.63,7.02
Zhangye,100,CN,1563309471,43,38.94,100.46,66.83,11.43
Adrar,0,DZ,1563309472,7,27.87,-0.29,109.4,6.93
Astoria,90,US,1563309472,77,46.19,-123.83,75.99,8.05
Newport,34,GB,1563309290,72,51.59,-3.0,68.0,5.82
Catalao,49,BR,1563309472,52,-18.17,-47.95,74.21,6.15
Anuchino,90,RU,1563309473,98,43.97,133.06,59.09,3.27
Sisimiut,100,GL,1563309473,92,66.94,-53.67,41.99,7.58
Shihezi,0,CN,1563309473,17,44.3,86.03,80.51,9.82
Mendi,86,ET,1563309473,96,9.8,35.1,61.97,4.52
Aksu,0,KZ,1563309473,77,52.04,76.93,62.6,6.71
Anadyr,0,RU,1563309474,62,64.73,177.51,59.0,13.42
Sinnamary,1,GF,1563309474,72,5.38,-52.96,82.49,11.14
Bogovarovo,0,RU,1563309474,83,58.98,47.02,52.25,1.21
Mouila,100,GA,1563309475,78,-1.86,11.06,74.21,4.34
The Pas,1,CA,1563309475,46,53.82,-101.24,71.6,8.05
Providencia,40,CO,1563309475,36,1.24,-77.6,77.0,5.82
Gat,0,SN,1563309475,74,14.69,-16.54,78.8,12.75
Malinyi,29,TZ,1563309475,63,-8.94,36.14,66.65,2.8
Vila do Maio,75,CV,1563309476,61,15.13,-23.22,78.8,16.11
Warrnambool,100,AU,1563309476,97,-38.38,142.48,48.99,5.99
Kaeo,0,NZ,1563309476,95,-35.1,173.78,48.99,3.0
Progreso,0,UY,1563309476,54,-34.68,-56.22,55.4,5.82
Chipinge,0,ZW,1563309476,55,-20.19,32.62,57.11,6.85
Manadhoo,100,MV,1563309477,78,5.77,73.38,81.95,15.39
Lyskovo,100,RU,1563309477,68,56.03,45.04,59.0,6.55
Zhuhai,20,CN,1563309477,100,40.71,112.04,62.6,2.24
Abbeville,0,FR,1563309477,87,50.11,1.83,64.4,4.7
Kosh-Agach,97,RU,1563309478,89,49.99,88.66,43.25,1.61
Niort,0,FR,1563309448,68,46.32,-0.46,75.2,9.17
Valparai,40,IN,1563309478,94,10.33,76.96,78.8,1.99
Port Shepstone,0,ZA,1563309478,40,-30.74,30.45,59.99,5.32
Mildura,90,AU,1563309479,93,-34.18,142.16,48.2,4.7
Lewistown,40,US,1563309479,74,40.39,-90.15,86.0,4.7
Leningradskiy,100,RU,1563309479,94,69.38,178.42,38.21,14.38
Libenge,100,CD,1563309479,86,3.65,18.64,74.21,2.17
Tekeli,0,KZ,1563309479,47,44.86,78.76,67.19,3.56
Dawei,83,MM,1563309480,76,14.07,98.19,81.77,7.0
Moussoro,68,TD,1563309480,43,13.64,16.49,90.77,4.27
Shar,38,NG,1563309480,86,7.3,8.73,75.83,2.98
Sycamore,75,US,1563309480,69,41.99,-88.69,86.0,1.36
Iowa City,1,US,1563309444,55,41.66,-91.53,90.0,8.05
Smoky Lake,100,CA,1563309481,63,54.11,-112.47,73.99,5.03
Puerto Escondido,90,MX,1563309481,74,15.86,-97.07,84.2,6.93
Lentekhi,12,GE,1563309481,95,42.79,42.72,39.47,2.04
Oktyabrskoye,0,RU,1563309481,100,56.73,85.44,60.01,6.71
Kano,63,NG,1563309482,57,11.99,8.53,84.11,13.65
Samagaltay,100,RU,1563309482,85,50.6,95.0,55.67,1.12
Parfenyevo,0,RU,1563309482,87,58.48,43.41,53.69,2.77
Salinas,1,US,1563309482,47,36.67,-121.66,89.01,14.99
Guasdualito,75,VE,1563309483,100,7.24,-70.73,75.2,3.36
Borzya,0,RU,1563309483,60,50.39,116.53,61.07,5.03
Boende,64,CD,1563309483,90,-0.28,20.88,73.67,2.21
Ust-Kan,72,RU,1563309483,93,50.93,84.77,43.97,3.04
Poum,90,MK,1563309483,82,41.28,20.71,57.2,9.17
The Valley,40,AI,1563309270,62,18.22,-63.06,87.8,11.41
Saint-Francois,0,FR,1563309484,52,46.42,3.91,68.0,4.7
Ngaoundere,82,CM,1563309484,92,7.32,13.58,65.93,2.59
Sao Joao do Piaui,18,BR,1563309485,33,-8.36,-42.25,80.51,5.03
Rocha,0,UY,1563309485,85,-34.48,-54.34,46.31,2.51
Mingshui,28,CN,1563309485,94,22.81,109.89,77.81,2.3
Alice Springs,0,AU,1563309372,93,-23.7,133.88,39.2,6.93
Brae,98,GB,1563309485,100,60.4,-1.35,55.4,3.36
Ahipara,0,NZ,1563309486,67,-35.17,173.16,59.27,24.32
Concarneau,0,FR,1563309486,77,47.88,-3.92,69.01,9.17
Marzuq,0,YE,1563309486,42,14.4,46.47,79.25,5.84
Saint George,90,GR,1563309486,93,39.45,22.34,66.2,5.82
Keti Bandar,100,PK,1563309487,82,24.14,67.45,83.03,19.84
Baykit,100,RU,1563309487,92,61.68,96.39,59.63,5.3
Marfino,40,RU,1563309487,93,56.07,37.56,59.0,6.71
Kisangani,50,CD,1563309488,79,0.52,25.21,73.85,1.36
Desaguadero,36,PE,1563309488,37,-16.56,-69.04,49.73,7.96
Xichang,98,CN,1563309488,96,27.88,102.25,57.11,1.86
Saint-Georges,100,CA,1563309489,58,46.12,-70.67,70.0,3.44
Haapiti,20,PF,1563309489,61,-17.57,-149.87,80.6,2.24
Gayny,67,RU,1563309489,96,60.3,54.33,52.97,5.14
Lahaina,20,US,1563309489,48,20.87,-156.68,89.6,8.05
Wynyard,100,AU,1563309489,85,-40.99,145.73,50.0,7.0
Paamiut,100,GL,1563309490,95,61.99,-49.67,41.45,31.03
Sokolo,49,ML,1563309490,37,14.74,-6.12,92.03,5.14
Bay Roberts,75,CA,1563309490,88,47.58,-53.28,69.01,5.82
Hachinohe,90,JP,1563309490,100,40.47,141.48,64.99,3.36
Churu,33,IN,1563309491,51,28.3,74.97,90.77,15.88
Monrovia,20,LR,1563309491,83,6.33,-10.8,78.8,4.7
Mountain Home,75,US,1563309263,26,43.13,-115.69,84.2,21.92
Beisfjord,75,NO,1563309491,76,68.38,17.6,50.0,11.41
Kourou,48,GF,1563309492,88,5.16,-52.64,77.0,4.79
Santa Maria,0,BR,1563309492,26,-16.02,-48.01,84.2,5.82
General Pico,100,AR,1563309492,49,-35.66,-63.75,58.37,10.31
Bosaso,93,SO,1563309492,60,11.28,49.18,89.33,13.24
Sicuani,82,PE,1563309493,34,-14.27,-71.23,51.53,10.85
Namie,98,JP,1563309493,64,37.52,140.86,70.0,2.75
Aljezur,5,PT,1563309493,76,37.31,-8.8,68.0,20.92
Nakasongola,0,UG,1563309493,91,1.32,32.46,64.67,3.42
Muros,0,ES,1563309494,82,42.77,-9.06,73.4,12.75
Camabatela,0,AO,1563309494,72,-8.19,15.37,65.21,1.57
Mabaruma,10,GY,1563309494,76,8.2,-59.78,82.13,4.7
Riyadh,0,SA,1563309230,20,24.63,46.72,93.2,2.24
Pokhara,70,NP,1563309494,86,28.21,83.99,53.33,1.88
Carutapera,37,BR,1563309495,80,-1.2,-46.02,79.43,5.93
Cavalcante,17,BR,1563309495,38,-13.79,-47.46,68.09,2.89
Atakpame,94,TG,1563309495,92,7.53,1.13,71.51,1.72
Tuskegee,1,US,1563309495,55,32.42,-85.69,97.0,9.17
Angoche,0,MZ,1563309496,86,-16.23,39.91,66.83,3.65
San Luis,0,AR,1563309496,48,-33.3,-66.34,64.31,20.11
Ploemeur,0,FR,1563309496,82,47.73,-3.43,70.0,6.93
Bingol,0,TR,1563309496,25,38.88,40.49,63.41,2.95
Vostok,87,RU,1563309497,93,46.45,135.83,62.51,2.48
Saint-Louis,0,SN,1563309497,78,16.03,-16.5,78.8,9.17
Valparaiso,90,US,1563309371,62,41.47,-87.06,84.2,10.29
Brooks,84,CA,1563309497,79,50.57,-111.89,61.0,8.99
Buraydah,0,SA,1563309498,19,26.33,43.97,95.0,14.99
Fallon,75,US,1563309498,64,46.84,-105.12,77.0,6.93
Kununurra,100,AU,1563309498,34,-15.77,128.74,64.4,6.93
Codrington,0,AU,1563309498,100,-28.95,153.24,55.99,6.93
Abaujszanto,0,HU,1563309499,56,48.28,21.2,68.0,14.99
Spornoye,0,RU,1563309499,100,50.84,37.29,59.0,6.71
Serenje,13,ZM,1563309499,68,-13.23,30.22,52.61,4.97
Belmonte,4,PT,1563309499,53,40.36,-7.35,78.01,3.0
Manakara,3,MG,1563309500,88,-22.14,48.01,64.49,4.36
Turukhansk,0,RU,1563309500,71,65.8,87.96,67.01,4.54
Elliot Lake,1,CA,1563309500,65,46.37,-82.65,80.6,10.29
Corvallis,1,US,1563309348,60,44.56,-123.26,81.0,14.99
Mantua,0,IT,1563309500,60,45.16,10.79,77.0,4.7
Hualmay,0,PE,1563309501,87,-11.1,-77.61,61.97,14.56
Vila Velha,20,BR,1563309501,65,-3.71,-38.6,86.0,13.87
Ibra,0,OM,1563309501,65,22.69,58.55,77.81,3.0
Mandera,40,ET,1563309501,60,3.94,41.86,78.89,18.9
Royan,0,FR,1563309501,47,45.62,-1.03,75.2,9.17
Mogadishu,65,SO,1563309502,82,2.04,45.34,75.47,15.39
Tigil,99,RU,1563309502,73,57.8,158.67,55.49,14.61
Bilibino,98,RU,1563309502,80,68.06,166.44,41.99,10.83
Labuhan,100,ID,1563309502,90,-2.54,115.51,68.63,1.61
Gizo,0,IL,1563309503,69,31.8,34.94,82.0,4.7
Santa Rosa,95,AR,1563309503,53,-36.62,-64.29,59.09,10.45
Fortuna,20,US,1563309503,88,40.6,-124.16,73.0,16.11
Guerrero Negro,0,MX,1563309503,75,27.97,-114.04,72.41,8.43
Ajdabiya,0,LY,1563309503,83,30.75,20.22,78.17,15.61
Nizwa,6,OM,1563309504,39,22.93,57.53,82.31,0.96
Freeport,40,BS,1563309504,58,26.54,-78.7,87.8,9.17
Solnechnyy,38,RU,1563309504,86,50.72,136.64,67.01,0.78
Pyapon,100,MM,1563309504,92,16.29,95.68,77.81,5.35
Acapulco,75,MX,1563309505,70,16.86,-99.88,89.6,6.93
Uppsala,100,SE,1563309505,100,59.86,17.64,57.2,6.93
Muravlenko,98,RU,1563309505,62,63.79,74.5,70.97,10.16
San Juan de los Morros,83,VE,1563309505,86,9.91,-67.35,76.73,2.53
Samut Prakan,20,TH,1563309432,74,13.6,100.6,88.0,6.93
Bend,75,US,1563309506,33,44.06,-121.32,79.0,3.36
Roald,100,NO,1563309506,81,62.58,6.12,57.2,11.41
Kharitonovo,0,RU,1563309506,73,61.4,47.5,51.17,4.18
Los Llanos de Aridane,75,ES,1563309506,69,28.66,-17.92,73.4,17.22
Richards Bay,0,ZA,1563309507,72,-28.77,32.06,70.97,21.41
Xining,96,CN,1563309507,67,36.62,101.77,46.67,3.87
Kimbe,0,PG,1563309507,87,-5.56,150.15,73.85,2.66
Moyale,100,ET,1563309507,67,3.52,39.05,70.97,13.76
Nhulunbuy,95,AU,1563309507,68,-12.18,136.78,69.8,9.17
Naron,20,ES,1563309508,88,43.52,-8.15,68.0,10.29
Zhigansk,100,RU,1563309508,67,66.77,123.37,57.65,3.53
Koindu,100,GN,1563309508,97,8.44,-10.33,71.15,2.55
Asyut,0,EG,1563309508,32,27.18,31.19,93.2,4.7
Malumfashi,97,NG,1563309509,70,11.79,7.62,79.61,12.88
Synya,100,RU,1563309509,95,65.37,58.04,62.33,5.68
Balintore,96,GB,1563309509,82,57.76,-3.91,62.6,3.36
Reconquista,0,AR,1563309510,57,-29.14,-59.64,58.73,6.82
Hami,100,CN,1563309510,37,42.84,93.51,78.17,5.03
Dubbo,99,AU,1563309510,93,-32.25,148.6,41.0,1.12
Pemalang,8,ID,1563309510,87,-6.89,109.38,66.65,7.34
Rome,0,IT,1563309511,34,41.89,12.48,79.0,9.17
Maldonado,90,UY,1563309511,100,-34.91,-54.96,46.4,6.93
Kapit,100,MY,1563309511,83,2.02,112.94,69.89,1.5
Port Hedland,0,AU,1563309511,43,-20.31,118.58,50.0,10.29
Baicheng,94,CN,1563309511,59,45.61,122.87,77.0,1.99
Denpasar,90,ID,1563309512,88,-8.65,115.22,75.2,11.41
Ust-Kuyga,100,RU,1563309512,90,70.0,135.55,44.15,4.14
Tetouan,0,MA,1563309512,73,35.57,-5.37,71.6,2.24
Havoysund,75,NO,1563309512,76,71.0,24.66,50.0,11.41
Derzhavinsk,41,KZ,1563309513,68,51.1,66.31,65.93,11.56
Naustdal,0,NO,1563309513,72,61.51,5.72,62.6,3.36
Uberaba,0,BR,1563309513,47,-19.75,-47.94,75.2,8.05
Iracoubo,13,GF,1563309513,75,5.48,-53.21,80.69,5.95
Suleja,42,NG,1563309328,87,9.18,7.18,75.83,2.77
Bangui,20,CF,1563309514,94,4.39,18.55,73.4,2.28
Darlowo,23,PL,1563309514,68,54.42,16.41,64.99,23.13
Taitung,7,TW,1563309515,68,22.76,121.15,63.59,3.62
Beloha,0,MG,1563309515,59,-25.17,45.06,66.29,6.6
Kingman,1,US,1563309515,8,35.19,-114.05,115.0,19.46
Kermanshah,0,IR,1563309515,33,34.32,47.07,77.0,2.24
Mehamn,75,NO,1563309516,87,71.03,27.85,48.2,9.17
Sovetsk,100,RU,1563309516,95,55.08,21.89,53.87,5.5
Otradnoye,75,RU,1563309516,63,59.77,30.8,62.6,6.71
San Jose,75,HN,1563309411,35,14.25,-87.96,89.6,3.36
Rio Grande,20,BR,1563309516,67,-32.03,-52.1,60.8,4.7
East Wenatchee Bench,1,US,1563309517,38,47.43,-120.28,82.99,17.22
Villa Carlos Paz,0,AR,1563309517,48,-31.42,-64.5,64.99,21.92
Stepnyak,0,KZ,1563309517,83,52.83,70.79,62.87,16.02
Ilhabela,24,BR,1563309517,65,-23.78,-45.36,64.85,20.49
Abalak,99,NE,1563309518,38,15.46,6.28,87.53,19.98
Rumphi,0,MW,1563309518,69,-11.02,33.86,55.13,9.17
Inirida,41,CO,1563309518,90,3.87,-67.92,79.97,3.06
Kidal,63,ML,1563309518,31,18.44,1.41,91.67,17.0
Zlitan,0,LY,1563309519,69,32.47,14.57,78.53,25.41
San Fernando,20,TT,1563309519,58,10.28,-61.46,87.01,13.87
Goderich,15,CA,1563309519,92,43.74,-81.71,75.99,10.0
Mahibadhoo,100,MV,1563309519,74,3.78,72.97,83.39,14.54
Saint-Ambroise,90,CA,1563309520,93,48.56,-71.32,68.0,5.82
Fort Frances,40,CA,1563309520,51,48.61,-93.4,84.0,6.93
Zambezi,25,ZM,1563309520,41,-13.55,23.12,58.19,6.64
Coahuayana,16,MX,1563309520,65,18.62,-100.35,88.25,1.9
Trelew,100,AR,1563309520,41,-43.25,-65.31,49.55,6.96
Boueni,20,YT,1563309521,78,-12.9,45.08,75.2,9.17
Zemio,48,CF,1563309521,91,5.02,25.13,69.71,1.52
Namwala,0,ZM,1563309521,64,-15.75,26.45,58.01,6.89
Prince Rupert,90,CA,1563309521,87,54.32,-130.32,59.0,4.7
Kashmor,100,PK,1563309522,59,28.43,69.58,88.25,15.3
Gazojak,0,TM,1563309522,18,41.19,61.4,90.41,9.24
Vikhorevka,100,RU,1563309522,100,56.12,101.17,62.6,6.71
Bria,59,CF,1563309522,94,6.54,21.99,69.53,2.24
Hofn,100,IS,1563309523,99,64.25,-15.21,41.45,4.41
Mujiayingzi,78,CN,1563309523,79,42.12,118.78,63.41,7.38
Santa Cruz,39,BR,1563309442,72,-6.22,-36.02,75.11,14.27
Cotonou,20,BJ,1563309523,94,6.37,2.43,75.2,2.24
Alexandria,30,RO,1563309523,57,43.97,25.33,65.03,2.42
Villa Rica,40,CO,1563309524,45,3.18,-76.46,86.0,11.41
Oussouye,20,SN,1563309524,83,12.49,-16.54,80.6,4.7
Lake Havasu City,1,US,1563309524,5,34.47,-114.34,115.0,13.87
Nome,1,US,1563309524,70,30.04,-94.42,93.2,12.75
Misratah,0,LY,1563309525,71,32.38,15.09,79.97,26.24
Nezhinka,20,RU,1563309525,63,51.77,55.37,66.2,8.95
Corinto,40,CO,1563309525,45,3.17,-76.26,86.0,11.41
Ferme-Neuve,100,CA,1563309279,94,46.7,-75.45,71.15,6.08
Urucara,62,BR,1563309525,57,-2.54,-57.76,87.71,3.4
Tungor,0,RU,1563309526,92,53.39,142.95,55.67,11.61
Nigrita,40,GR,1563309526,78,40.91,23.5,71.6,12.75
